time,region,policy_name,policy_category,policy_tags,policy_summary,link,adcode
2025/1/20,海南省,《加快建立海南自贸港特色产品碳足迹管理体系工作方案》,政策制度,碳足迹管理,旨在加快建立海南自贸港特色产品碳足迹管理体系，目标到 2027 年完成 50 个产品碳足迹核算工作和10 个重点行业产品碳标识认证示范，到 2030 年完成 100 个产品碳足迹核算工作。提出6大重点任务，包括推动重点行业产品碳足迹核算、实施碳标识认证工作等。,https://plan.hainan.gov.cn/sfgw/0400/202501/75ee6416ed9e4fdb9ab3b0973c1a77a0.shtml?ddtab=true,460000
2025/1/20,山东省,《山东省碳普惠试点工作指导意见》,政策制度,碳普惠,旨在保障山东省碳普惠体系规范、有序运行；包括方法学管理、项目论证及减排量核算、减排量交易和消纳等六部分共32条意见。规定了碳普惠方法学分类及方法学开发流程、明确了“减排项目”和“减排场景”申请主体、以及核证减排量的交易流程等，自2025年3月15日起施行。,http://xxgk.sdein.gov.cn/zfwj/lhf/202501/t20250122_4785307.html,370000
2025/1/24,江苏省,《关于构建转型金融支持体系 助力江苏全面绿色低碳转型的通知》,政策制度,绿色金融,旨在加大对传统行业领域绿色低碳转型的金融支持；包括总体目标、首批转型金融支持经济活动目录、转型融资主体认定评价标准、转型融资主体金融支持的具体措施。转型金融支持经济活动目录覆盖石化、钢铁、航运等八大行业，为金融机构高效精准识别、支持和评估低碳转型活动提供支撑。,http://nanjing.pbc.gov.cn/nanjing/117542/117557/5499324/5579693/index.html,320000
2025/1/27,北京市,《推进美丽北京建设 持续深入打好污染防治攻坚战2025年行动计划》,政策制度,美丽中国,旨在进一步推进北京市生态环境改善；包括蓝天保卫战、碧水保卫战、净土保卫战、应对气候变化行动、生态保护行动五个部分、108项措施。其中蓝天保卫战方面提出要全力巩固空气质量改善成效，基本消除重污染天气；应对气候变化行动方面提出碳排放总量较峰值下降10%以上等目标。,https://www.beijing.gov.cn/zhengce/zhengcefagui/202501/t20250127_4001762.html,110000
2025/2/5,内蒙古自治区,《2025年内蒙古自治区国民经济和社会发展计划》,政策制度,绿色金融,明确了内蒙古2025年经济社会发展的主要预期目标，确保完成国家下达的“十四五”能耗强度下降目标；部署了10个方面34项重点任务，推动经济发展全面绿色转型任务中提出推动建立地区碳考核、项目碳评价、行业碳管控、企业碳管理、产品碳足迹政策制度和管理机制，持续推进减污降碳协同创新试点建设等。,https://www.nmg.gov.cn/zwgk/zfxxgk/zfxxgkml/zzqzfjbgtwj/202502/t20250210_2664038.html,150000
2025/2/8,甘肃省,《甘肃省打造全国重要的新能源及新能源装备制造基地行动方案》,政策制度,新能源,明确甘肃省到2025年底，新能源装机达到8000万千瓦，装机占比达到65%左右，新型储能装机超过600万千瓦；到2030年底，全省新能源及新能源装备制造产值超过2000亿元等目标。共7部分，包括有序发展先进节能煤电、推动绿氢产业规模化发展、促进用能结构绿色转型等26项具体措施。,https://www.gansu.gov.cn/gsszf/c100055/202502/174075036.shtml,620000
2025/2/10,陕西省,《中共陕西省委陕西省人民政府关于全面推进美丽陕西建设的实施意见》,政策制度,"美丽中国,产业领域",目标到2027年美丽陕西建设成效显著，到2035年美丽陕西建设目标基本实现；共9部分27项具体措施，加快发展方式绿色低碳转型部分提出深化煤电、建材、化工等重点行业领域节能降碳、加强甲烷等非二氧化碳温室气体排放管控等具体措施，以及到2027年新增汽车中新能源汽车占比达60%以上等具体目标。,https://www.shaanxi.gov.cn/zfxxgk/fdzdgknr/zcwj/nszfwj/qt/202502/t20250210_3430123.html,610000
2025/2/12,山西省,《山西省加快经济社会发展全面绿色转型行动方案》,政策制度,绿色低碳转型,目标至2030年山西省能源、工业、交通、城乡建设等重点领域绿色转型取得积极进展，非化石能源占能源消费总量比重达到18%等；至2035年绿色低碳循环发展经济体系基本建立等。明确要优化集中式风电、光伏发电项目布局、优化重点行业产能规模和布局等。,https://sthjt.shanxi.gov.cn/xwzx_1/zfyw/sxyw/202502/t20250221_9773729.shtml,140000
2025/2/14,广东省,《广东省适应气候变化行动方案（2025-2035年）》,政策制度,绿色低碳转型,旨在强化广东省适应气候变化行动举措；目标到2035年，基本健成气候适应型社会。重点任务为加强气候变化监测预警和风险管理，提升自然生态系统适应气候变化能力、提升经济社会系统适应气候变化能力、以及提升关键脆弱区域适应气候变化能力四方面，并提出14项措施：包括全面提升城市安全韧性水平、提升敏感二三产业气候韧性等。,https://gdee.gd.gov.cn/ydqhbh/xxgg/content/post_4669610.html,440000
2025/2/15,福建省,《福建省绿色制造梯度培育管理实施细则（暂行）》,政策制度,"产业领域,绿色工厂",旨在加快构建福建省绿色制造和服务体系；包括总则、培育要求、创建程序、动态管理、配套机制、附则共六章20条；以绿色工厂培育为基础，以绿色工业园区、绿色供应链管理企业培育为支撑，纵向、横向分别形成绿色工厂培育机制，推动行业、区域绿色低碳转型升级。,https://gxt.fujian.gov.cn/zwgk/zfxxgk/fdzdgknr/gfxwj/202502/t20250217_6765161.htm,350000
2025/2/15,江苏省,《江苏省加快经济社会发展全面绿色转型若干政策举措》,政策制度,绿色低碳转型,目标2035年之前实现绿色低碳循环发展经济体系基本建立，绿色生产生活方式广泛形成。从全面构建绿色低碳产业体系、加快构建清洁低碳能源体系、加速推进基础设施绿色升级等七个方面提出共21条具体举措，对加快江苏经济社会发展全面绿色转型作出部署。,https://www.jiangsu.gov.cn/art/2025/2/27/art_46143_11501330.html,320000
2025/2/18,江苏省,《江苏省推动氢能产业高质量发展行动方案（2025—2030年）》,政策制度,"能源领域,氢能",目标江苏省到2030年，清洁低碳、安全高效的氢能供给及应用体系初步形成。建设加氢站100座以上，推广燃料电池汽车超过10000辆等；共4方面重点任务17项具体措施，包括积极开展石化、钢铁、建材等领域工业用氢替代试点、探索绿电制绿氢耦合生产石化衍生品、推进绿色低碳石化园区建设等。,https://sst.suzhou.gov.cn/ndaservplat/Apps/psp/index.php?s=/Home/PolicySearch/policydetail/id/112950/query_value1/city/orderway/timenode/i/3,320000
2025/2/18,北京市,《北京市加快建设国际绿色经济标杆城市2025年工作要点》,政策制度,绿色金融,旨在扎实推动北京市国际绿色经济标杆城市建设；围绕绿色技术创新、绿色产业培育壮大、绿色合作共建共享等五个标杆共提出20余项任务措施，包括推动设立并加快建设国家绿色技术交易中心、支持国内外绿色金融标准认证及评级机构在京发展、加强京津冀区域绿色合作共建共享等。,https://www.gov.cn/lianbo/difang/202502/content_7004374.htm,110000
2025/2/18,湖南省,《湖南省促进绿色智能计算产业高质量发展若干政策措施》,政策制度,"产业领域,绿色智能计算产业",发展湖南省高端产品、倡导绿色低碳、培育经营主体、支持平台建设、培养产业人才、建设开源体系、优化产业生态、加强资金支持共十项举措。具体包括支持绿色智能计算产业相关企业、项目所在园区开发建设分布式光伏等新能源和用户侧储能，以降低其用电成本等。,https://www.hunan.gov.cn/hnszf/xxgk/wjk/szfbgt/202502/t20250220_33591466.html,430000
2025/2/21,天津市,《关于扩大天津市碳排放权交易市场覆盖范围的通知》,政策制度,碳排放权交易,扩大天津碳市场覆盖范围，包括：调整纳入标准，即将年碳排放1-2万吨的工业和航空（机场）企业也纳入天津碳市场管理；新增年碳排放1万吨以上的货运港口行业企业；新增年碳排放1万吨以上的水上及航空货物运输行业企业。对于年碳排放量超1万吨的企业，推动开展碳排放权交易履约等。,https://sthj.tj.gov.cn/ZWGK4828/ZCWJ6738/sthjjwj/202502/t20250221_6864366.html,120000
2025/2/25,陕西省,《陕西省建立碳足迹管理体系工作方案》,政策制度,碳足迹管理,旨在助力陕西省绿色低碳供应链和生产生活方式转型；目标至2027年聚焦电池、钢铁、水泥、新能源汽车和电子电器，初步建立全省重点产品碳足迹数据库等；至2030年全面形成省碳足迹管理体系等。重点任务包括开展重点产品先行先试、建立碳足迹核算评价标准体系等五项。,http://sthjj.baoji.gov.cn/col3672/col3698/202502/t20250226_1121746.html,610000
2025/2/26,新疆维吾尔族自治区,《关于全面推进美丽新疆建设的实施意见》,政策制度,美丽中国,目标到2027年美丽新疆建设成效显著，到2035年美丽新疆基本建成，分阶段到本世纪中叶美丽新疆全面建成。在加快推进发展方式绿色低碳转型、持续深入打好污染防治攻坚战等方面，提出七个方面共25条具体举措，包括积极稳妥推进碳达峰碳中和、加快构建清洁低碳安全高效能源体系、推进重点领域绿色低碳发展、持续深入打好蓝天保卫战等25条重点举措。,https://www.xinjiang.gov.cn/xinjiang/qtwj/202502/e45cd701d59843c5b9d6f35fa9eeecca.shtml,
2025/3/4,山东省,《关于加快建设绿色低碳高质量发展先行区的意见》,政策制度,绿色低碳转型,目标分阶段到2030年，山东省新质生产力发展走在全国前列，碳达峰目标顺利实现，发展方式全面绿色转型取得决定性成效。明确了新质生产力培育和全面绿色转型两大主攻方向，从科技创新引领、现代化产业体系建设、构建新型能源体系、推进碳达峰碳中和等方面展开部署。,http://www.shandong.gov.cn/art/2025/3/4/art_97564_666831.html,370000
2025/3/5,浙江省,《浙江省推动碳排放双控工作若干举措》,政策制度,碳排放管理,旨在为浙江进一步实现能耗双控向碳排放双控全面转型提供制度支撑。目标“十四五”期间碳排放双控先行先试取得明显进展，碳排放强度下降，“十五五”时期如期实现碳达峰目标。提出两个方面共11条举措，包括大力发展非化石能源、大力发展绿色低碳产业、完善碳排放相关规划制度等举措。,https://www.zj.gov.cn/art/2025/2/27/art_1229017139_2546446.html,330000
2025/3/14,上海市,《上海市碳排放管理办法》,政策制度,碳排放管理,旨在健全上海市碳排放权交易机制，推动碳达峰碳中和目标实现。提出7大部分共48条举措，包括实施总量控制与动态配额分配；强化数据监管，要求排放报告核查与第三方监管；创新碳普惠机制，量化减排行为并支持配额清缴、积分兑换；规范交易方式与储备机制防风险等。,https://www.shanghai.gov.cn/gwk/search/content/d7f358a1242d4b7e91884fed6a967d3b,310000
2025/3/15,山西省,《山西省氢能产业链2025年行动方案》,政策制度,"能源领域,氢能",旨在促进山西省氢能产业高质量发展。明确了包括持续开展关键核心技术攻关，建立低成本、多元化氢能供应体系，有序推进加氢站建设，持续推进氢能在交通运输领域示范应用，开展氢能在工业领域示范应用，打造氢能产业集聚区，推进氢能产业重大项目等11项重点任务。,https://www.shanxi.gov.cn/ywdt/sxyw/202503/t20250315_9789101.shtml,140000
2025/3/26,北京市,《北京市可再生能源开发利用条例》,政策制度,能源领域,旨在推动北京市经济社会绿色低碳转型和可持续发展；共5章38条，提出了强化绿电开发利用，加强区域能源合作，推动重点行业建设综合能源项目等措施；适用于北京市太阳能、地热能、风能、水能、生物质能、空气能等可再生能源的开发利用及相关管理活动。,https://fgw.beijing.gov.cn/fgwzwgk/2024zcwj/flfggz/fg/dfxfg/202503/t20250328_4048144.htm,110000
2025/3/26,山西省,《山西省碳普惠公众参与机制建设工作方案》,政策制度,碳普惠,旨在建设完善山西省碳普惠公众参与平台；明确了建设碳普惠管理体系、完善碳普惠数字化服务体系、建立广泛覆盖的碳普惠应用场景体系等四项建设内容，以及构建碳普惠管理制度体系、建立完善碳普惠减排方法学体系建立个人碳账户等10项具体措施。,http://sthjt.shanxi.gov.cn/tfwj2/jhf/202503/t20250326_9796695.shtml,140000
2025/4/2,云南省,《云南省气候变化健康适应行动实施方案（2024—2030年）》,政策制度,健康中国,旨在提升气候变化健康风险防范能力，促进健康云南建设；总体目标是分阶段到2030年，气候变化和极端天气气候事件健康影响监测预警能力持续增强，气候变化健康适应能力、公共卫生气候韧性进一步增强等。提出健全完善多部门气候变化与健康工作协作机制、推广运用气候变化与健康相关政策和标准等10项重点任务。,https://ynsjkj.yn.gov.cn/html/2025/qtwjzwgk_0402/607.html,530000
2025/4/2,上海市,《上海市大宗商品贸易转型提升三年行动方案（2025-2027年）》,政策制度,能源领域,旨在加快推动上海市大宗商品贸易转型提升；提出到2027年，绿色能源交易平台影响力持续提升等目标。主要任务包括健全新能源品种服务链体系：建设氢基绿色能源交易平台，优化绿氢、绿氨、绿色甲醇等绿色能源交易方式，支持国内外企业参与绿色能源交易，扩大交易规模等。,https://sww.sh.gov.cn/zwgkgfqtzcwj/20250404/9484a54156744e77b1bf122d6e85c0ad.html,310000
2025/4/3,福建省,《关于推动制造业绿色低碳发展的若干措施》,政策制度,"产业领域,制造业",旨在加快推动福建省制造业领域能耗强度下降；从九个方面明确促进制造业绿色低碳发展的措施，包括支持企业加快节能升级改造、大力推进通用设备更新提标、深化绿色低碳制造体系建设、优化金融服务推动绿色发展等。自印发之日起实施至2027年12月31日。,https://gxt.fujian.gov.cn/zwgk/zfxxgk/fdzdgknr/gfxwj/202503/t20250331_6789551.htm,350000
2025/4/7,上海市,《上海市促进检验检测认证行业高质量发展行动方案（2025—2027年）》,政策制度,碳足迹管理,旨在推动上海市检验检测认证行业创新发展；提出六方面共20项具体措施，包括推行涉碳类认证：率先在钢铁、电机等行业编制国际通行的碳足迹认证规则，完成20个与国际接轨的产品碳标识认证配套技术文件，形成30个产品碳标识认证试点应用示范等。,https://scjgj.sh.gov.cn/915/20250407/2c984ad69559a91401960ecd28ff6788.html,310000
2025/4/9,甘肃省,《甘肃省筑牢国家西部生态安全屏障行动方案》,政策制度,生态安全,为加快建设甘肃省国家西部生态安全屏障制定本方案。目标分阶段到2030年底，国家西部生态安全屏障更加牢固。可治理沙化土地治理率达到67%；城市空气质量优良天数比率达到94%；单位地区生产总值二氧化碳排放比2005年下降65%以上等。,https://www.gs.gov.cn/gsszf/c100055/202504/174116165.shtml,620000
2025/4/10,青海省,《青海省清洁能源产业发展促进条例》,政策制度,"能源领域,清洁能源",旨在促进青海省清洁能源产业高质量发展；包括开发利用、并网消纳、产业创新等共七章共四十三条，围绕建立健全清洁能源产业工作体制、加强清洁能源产业工作创新支撑、促进清洁能源产业工作融合发展等方面内容，明确了清洁能源产业高质量发展的路径和重点。自2025年5月1日起施行。,https://epaper.tibet3.com/qhrb/html/202504/10/content_212866.html,630000
2025/4/14,云南省,《云南省绿色矿山建设实施方案》,政策制度,"产业领域,矿业",旨在推进云南省矿业绿色转型升级和高质量发展；目标2028年底，全省绿色矿山建设工作机制更加完善，持证在产90%大型、80%中型矿山达到绿色矿山标准等；明确推进绿色矿山建设，提出促进节能减排、深化环境治理等措施。,http://dnr.yn.gov.cn/html/2025/tongzhigonggao_0414/4049357.html,530000
2025/4/14,四川省,《四川省新能源产业链建圈强链工作方案（2025—2027年）》,政策制度,"产业领域,新能源",旨在推动四川省新能源产业提质倍增发展。发展目标到2027年，主要承载地和协同发展地融合态势基本形成；全省新能源产业链营业收入超过5000亿元，力争达到6000亿元，光伏、风电装机规模达4500万千瓦等。提出实施绿色安全低碳行动。加强污染物排放控制和环境风险防控；探索构建碳足迹标识认证体系等。,https://jxt.sc.gov.cn//scjxt/qtwj/2025/4/18/c3630c3bc27a43d5a21682e28ec7a6c5.shtml,510000
2025/4/15,广西壮族自治区,《美丽广西建设三年行动计划》,政策制度,美丽中国,公布未来三年美丽广西建设“计划表”，目标到2027年，美丽海湾建成率达到50%左右；受污染耕地安全利用率达到94%以上，“无废城市”建设比例达到60%等目标。围绕加快发展方式绿色低碳转型、深入推进污染防治攻坚、筑牢南方生态安全屏障等七个方面，提出30项具体任务。,http://sthjt.gxzf.gov.cn/zfxxgk/zfxxgkgl/fdzdgknr/ghjg/zdgz/t19937482.shtml,450000
2025/4/18,内蒙古自治区,《发挥绿色金融作用 服务美丽内蒙古建设的实施方案》,政策制度,绿色金融,旨在推动内蒙古自治区绿色金融政策体系不断完善，绿色金融工作机制持续优化。共提出四方面共14项举措，具体包括开展金融支持节能降碳、开展金融支持污染防治行动、用好用足货币政策工具、拓展生态资源要素融资渠道等。,https://sthjt.nmg.gov.cn/wrfz2021/kjcy/lvjr/202504/t20250418_2705685.html,150000
2025/4/21,天津市,《天津市推进碳足迹管理体系建设实施方案》,政策制度,碳足迹管理,旨在推进天津市碳足迹管理体系建设工作；目标到2030年，全市碳足迹管理体系趋于完善，重点行业主要产品广泛开展碳足迹核算工作，开展天津市细分领域产品碳足迹因子数据研究等。提出强化产品碳足迹因子数据运用、推进产品碳足迹标识认证和分级管理工作等9项重点任务。,https://sthj.tj.gov.cn/ZWGK4828/ZCWJ6738/sthjjwj/202504/t20250421_6914426.html,120000
2025/4/27,上海市,《关于做好2025年上海市碳达峰碳中和计量重点工作的通知》,政策制度,碳计量,在依法加强上海市能源计量监管、加快健全碳计量体系、着力提升碳计量数据支撑三方面提出9条具体措施，包括推进碳计量重点实践工程实施；培育建设上海市碳计量中心持续提升能耗监测数据质量等。,https://www.shanghai.gov.cn/gwk/search/content/2c984a7296a881110196ad766f5e1834,310000
2025/4/29,山东省,《山东省关于加强煤炭清洁高效利用的实施方案》,政策制度,"产业领域,煤炭",旨在全面加强山东省煤炭全链条清洁高效利用，促进能源绿色低碳转型。目标到2030年，煤炭绿色智能开发能力明显增强，生产能耗强度逐步下降，储运结构持续优化，商品煤质量稳步提高，重点领域用煤效能和清洁化水平全面提升等。共六大方面18条措施。,http://fgw.shandong.gov.cn/art/2025/4/29/art_91680_10465466.html,370000
2025/5/9,内蒙古自治区,《内蒙古自治区生态环境损害赔偿工作规定》,政策制度,生态安全,旨在筑牢我国北方重要生态安全屏障，建设美丽内蒙古。态环境损害包括因污染环境、破坏生态造成大气、地表水、地下水、土壤、森林、草原、沙漠、湿地等环境要素和植物、动物、微生物等生物要素的不利改变，以及上述要素构成的生态系统功能退化。共八章50条，明确了赔偿范围、核查方法等。,"https://www.nmg.gov.cn/zwgk/zfxxgk/zfxxgkml/202505/t20250515_2723192.html#:~:text=%E7%BB%8F%E8%87%AA%E6%B2%BB%E5%8C%BA%E4%BA%BA%E6%B0%91%E6%94%BF%E5%BA%9C%E5%90%8C%E6%84%8F%EF%BC%8C%E7%8E%B0%E5%B0%86%E3%80%8A%E5%86%85%E8%92%99%E5%8F%A4%E8%87%AA%E6%B2%BB%E5%8C%BA%E7%94%9F%E6%80%81%E7%8E%AF%E5%A2%83%E6%8D%9F%E5%AE%B3%E8%B5%94%E5%81%BF%E5%B7%A5%E4%BD%9C%E8%A7%84%E5%AE%9A%E3%80%8B%E5%8D%B0%E5%8F%91%E7%BB%99%E4%BD%A0%E4%BB%AC%EF%BC%8C%E8%AF%B7%E7%BB%93%E5%90%88%E5%AE%9E%E9%99%85%EF%BC%8C%E8%AE%A4%E7%9C%9F%E8%B4%AF%E5%BD%BB%E8%90%BD%E5%AE%9E%E3%80%82%202025%E5%B9%B45%E6%9C%889%E6%97%A5,%EF%BC%88%E6%AD%A4%E4%BB%B6%E5%85%AC%E5%BC%80%E5%8F%91%E5%B8%83%EF%BC%89%20%E7%AC%AC%E4%B8%80%E6%9D%A1%20%E4%B8%BA%E6%B7%B1%E5%85%A5%E8%B4%AF%E5%BD%BB%E8%90%BD%E5%AE%9E%E4%B9%A0%E8%BF%91%E5%B9%B3%E7%94%9F%E6%80%81%E6%96%87%E6%98%8E%E6%80%9D%E6%83%B3%EF%BC%8C%E7%AD%91%E7%89%A2%E6%88%91%E5%9B%BD%E5%8C%97%E6%96%B9%E9%87%8D%E8%A6%81%E7%94%9F%E6%80%81%E5%AE%89%E5%85%A8%E5%B1%8F%E9%9A%9C%EF%BC%8C%E5%BB%BA%E8%AE%BE%E7%BE%8E%E4%B8%BD%E5%86%85%E8%92%99%E5%8F%A4%EF%BC%8C%E5%9D%9A%E6%8C%81%E4%BB%A5%E9%93%B8%E7%89%A2%E4%B8%AD%E5%8D%8E%E6%B0%91%E6%97%8F%E5%85%B1%E5%90%8C%E4%BD%93%E6%84%8F%E8%AF%86%E4%B8%BA%E5%B7%A5%E4%BD%9C%E4%B8%BB%E7%BA%BF%EF%BC%8C%E6%8E%A8%E5%8A%A8%E8%87%AA%E6%B2%BB%E5%8C%BA%E7%94%9F%E6%80%81%E7%8E%AF%E5%A2%83%E6%8D%9F%E5%AE%B3%E8%B5%94%E5%81%BF%E5%B7%A5%E4%BD%9C%E8%A7%84%E8%8C%83%E5%8C%96%EF%BC%8C%E6%A0%B9%E6%8D%AE%E7%9B%B8%E5%85%B3%E6%B3%95%E5%BE%8B%E6%B3%95%E8%A7%84%E5%8F%8A%E6%94%BF%E7%AD%96%E6%96%87%E4%BB%B6%E7%B2%BE%E7%A5%9E%EF%BC%8C%E7%BB%93%E5%90%88%E8%87%AA%E6%B2%BB%E5%8C%BA%E5%AE%9E%E9%99%85%EF%BC%8C%E5%88%B6%E5%AE%9A%E6%9C%AC%E8%A7%84%E5%AE%9A%E3%80%82",150000
2025/5/21,重庆市,《推动经济社会发展全面绿色转型行动计划（2025—2027年）》,政策制度,绿色低碳转型,旨在全方位、全领域、全地域推进重庆市绿色转型。目标到2027年，全市单位GDP能耗较2020年下降16%，非化石能源占比达到25%；绿色工厂累计达到500个，近零碳园区试点累计达到24个；中心城区公交和巡游出租车纯电动化占比不低于55%；城市生活垃圾回收利用率达到45%等。,https://fzggw.cq.gov.cn/zwgk/zfxxgkml/zcwj/qtwj/202506/t20250612_14707238.html,500000
2025/5/26,甘肃省,《甘肃省建立碳足迹管理体系工作方案》,政策制度,碳足迹管理,甘肃省目标到2027年，制定出台3-5个重点产品碳足迹核算规则，省级产品碳足迹因子数据库初步构建等；到2030年，再制定出台5-10个新、特、优等产品的碳足迹核算规则，省级产品碳足迹因子数据库基本建成，产品碳标识认证和分级管理制度全面建立，产品碳标识认证制度广泛应用等。包括三方面10项任务，包括开展基础产品碳足迹评价试点等。,https://sthj.gansu.gov.cn/sthj/c113066/202505/174147579.shtml,620000
2025/5/29,内蒙古自治区,《深化蒙西电网新能源上网电价市场化改革实施方案》,政策制度,"新能源,电力市场",旨在加快构建内蒙古新型电力系统。提出蒙西电力市场建设要持续推动新能源（风电、太阳能发电，下同）上网电量全面进入电力市场，通过市场交易形成价格；统筹绿色能源消费等政策协调发力，完善电力市场体系等。,https://nyj.nmg.gov.cn/zwgk/zfxxgkzl/fdzdgknr/zcjd_16463/202506/t20250626_2746284.html,150000
2025/5/29,山东省,《山东省海草床碳汇碳普惠方法学》,标准及许可,碳普惠,海草床生态系统是国际认可的三大典型蓝碳生态系统之一，能够捕获和储存大量的碳并将其埋藏在海洋沉积物里，海草床碳汇项目开发利用对推动实现山东省碳达峰碳中和目标具有积极作用。明确了定义、适用范围、计算方法等。,http://xxgk.sdein.gov.cn/zfwj/lhz/202506/t20250609_4827059.html,370000
2025/5/30,湖南省,《湖南省林业局关于加强石漠化综合治理的实施意见》,政策制度,生态安全,旨在进一步加强湖南省石漠化综合治理。目标到2030年，全省新增石漠化土地综合治理面积16万公顷；到2035年，全省新增石漠化土地综合治理面积32万公顷，实现石漠化土地面积持续减少、石漠化程度持续减轻、水土流失状况基本控制、生态状况明显改善。包括加强石漠生态系统保护等措施。,https://lyj.hunan.gov.cn/lyj/xxgk_71167/zcfg/zcwj/202506/t20250612_33707314.html,430000
2025/6/4,内蒙古自治区,《内蒙古自治区高质量建设零碳园区工作方案》,政策制度,"节能降碳,零碳园区",高位推进内蒙古零碳产业园区建设升级。目标到2025年，遴选20个园区纳入自治区零碳园区培育建设名单，在此基础上争创一批国家级零碳园区试点；到2027年，建成一批国家级和自治区级零碳园区，发挥试点带动效应；到2030年，通过分类分批培育建设，更多自治区零碳园区建成为国家级零碳园区。明确3个方面10条重点工作。,https://www.nmg.gov.cn/zwyw/jrgz/202506/t20250604_2733406.html,150000
2025/6/5,北京市,《推进产品碳足迹标识认证试点工作方案》,政策制度,碳足迹管理,旨在建立健全北京市产品碳足迹标识认证工作机制。提出到2027年，完成不少于15款计算机产品的碳足迹认证。《方案》围绕组织、谋划、创新、监管、推进等五方面设置重点任务，具体包括进行产品碳足迹实景数据收集与碳足迹核算方法研究；推进建立低碳技术推广目录并加强数字化技术应用等。,https://scjgj.beijing.gov.cn/zwxx/2024zcwj/202506/t20250613_4113489.html,110000
2025/6/5,四川省,《四川省碳足迹管理体系建设实施方案》,政策制度,碳足迹管理,目标到2030年，四川省碳足迹管理体系更加完善，应用场景更加丰富。产品碳足迹标识认证和分级管理制度全面落地，产品碳足迹应用环境持续优化拓展。低碳供应链建设持续深化，优势出口产品碳足迹核算评价和认证更加普及。《实施方案》明确，从健全核算规则标准、推动基础设施建设等八个方面提出重点任务。,https://sthjt.sc.gov.cn/sthjt/c103878/2025/6/23/0d5eec2ade5b4d23a1a7ca94aaef5084.shtml,510000
2025/6/6,流域省,《关于深入推进大江大河干流横向生态保护补偿机制建设的实施方案》,政策制度,生态安全,旨在重点流域干流建立统一的横向生态保护补偿机制。先聚焦长江、黄河干流流经省，后续根据政策效果，适时将其他重点流域省纳入实施范围。主要措施包括：统一核算补偿资金、规范资金缴纳划拨程序、创新资金使用管理措施、落实保护治理任务、加强政策衔接。,http://zyhj.mof.gov.cn/zcfb/202506/t20250603_3965044.htm,
2025/6/6,河北省,《关于促进能源领域民营经济发展若干细化举措的通知》,政策制度,能源领域,"旨在促进河北省能源领域民营经济加快发展。提出极支持民营企业参与能源项目建设、推动民营企业公平参与市场、提升能源政务服务水平三大方面共16条措施。

",https://hbdrc.hebei.gov.cn/jhlm/jhzcfg/202506/t20250606_122536.html,130000
2025/6/12,宁夏回族自治区,《宁夏回族自治区建立碳足迹管理体系工作方案》,政策制度,碳足迹管理,旨在推动宁夏产品碳足迹标准制定、核算、标识认证和应用场景开发等。提出分阶段到到2030年，自治区产品碳足迹管理体系基本完善。全区重点产品碳足迹核算得到广泛推行，产品碳足迹因子数据库基本建成，产品碳足迹标识认证管理工作机制全面建立，产品碳足迹应用环境持续优化拓展。,https://sthjt.nx.gov.cn/zfxxgk/zfxxgkml/202506/t20250618_4937167.html,640000
2025/6/12,上海市,《上海市2025年陆上风电、光伏电站开发建设方案的通知》,政策制度,"新能源,风电,光伏",将纳入上海市2025年度可再生能源开发建设方案的陆上风电、光伏电站项目清单予以公布。提出积极推进项目开发建设、保障电源电网协调发展、强化技术模式应用创新等方面要求。,https://www.shanghai.gov.cn/gwk/search/content/5c450e51be8744c197633a9bcd61b5fa,310000
2025/6/13,湖南省,《湖南省美丽乡村建设工作方案》,政策制度,美丽中国,旨在全面加强湖南省农业农村生态环境保护，推进美丽乡村建设。目标到2027年，全省美丽乡村整县建成比例达到40%，农业绿色发展进展明显。到2030年，全省美丽乡村整县建成比例力争达到65%。到2035年，美丽乡村基本建成，农村绿色生产生活方式广泛形成，基本消除较大面积农村劣V类水体等。提出加强秸秆综合利用和露天焚烧管理等17条措施。,https://sthjt.hunan.gov.cn/sthjt/xxgk/zcfg/gfxwj/202506/t20250627_33723156.html,430000
2025/6/17,山东省,《山东省分布式光伏发电开发建设管理实施细则》,政策制度,"新能源,分布式光伏",山东省旨在将分布式光伏发电作为新能源和可再生能源重要组成部分，多措并举推动实现快速发展。《实施细则》分为总则、投资开发、备案管理等七章，共计四十一条，覆盖了分布式光伏发电的定义分类和项目全生命周期各阶段的管理要求，重点对项目类型和上网模式、分布式光伏备案管理等四个方面作了进一步细化和明确。,http://fgw.shandong.gov.cn/art/2025/6/18/art_91410_10469655.html,370000
2025/6/18,福建省,《福建省氢能产业创新发展中长期规划(2025—2035年)》,政策制度,"能源领域,氢能",福建省2025-2030年，建设各类型加氢站50座，打造10条运营示范线，燃料电池汽车产量达到6000辆/年。力争形成3万吨/年绿氢生产能力等。 2030-2035年，全省氢能产业进入快速发展阶段，形成10万吨/年绿氢生产能力、100万吨/年氢基绿色燃料生产能力，绿氢在福建省氢源中占比达到40%以上，形成涵盖交通、储能、工业等多元应用场景的产业体系。,https://fgw.fujian.gov.cn/zfxxgkzl/zfxxgkml/ghjh/202506/t20250618_6928549.htm,350000
2025/6/18,青海省,《关于加强煤炭清洁高效利用的实施方案》,政策制度,"产业领域,煤炭",旨在推动青海省提高煤炭清洁高效利用水平。重点从开发、生产、储运、使用及保障措施等方面细化加强煤炭清洁高效利用的工作内容，明确职责分工，进一步加强统筹协调、推动工作落实。提出合理控制煤炭消费总量、推动煤电行业减污降碳等措施。,http://fgw.qinghai.gov.cn/zfxxgk/jjzn/wjgcs/jjyxtjj/gzxx/202506/t20250618_89694_ghb.html,630000
2025/6/18,云南省,《云南省关于促进光伏发电与光伏制造融合发展的政策措施》,政策制度,"能源领域,光伏",旨在推动光伏产业高质量发展，促进光伏发电与光伏制造融合。共三大部分十项措施。提出支持上下游企业绿色融通发展；鼓励光伏发电项目优先使用高效率组件；促进退役光伏组件等设备回收利用等。,https://yndrc.yn.gov.cn/html/2025/qitawenjian_0618/22029.html,530000
2025/6/19,四川省,《分布式光伏发电开发建设管理办法》,政策制度,"能源领域,分布式光伏",结合四川省实际提出因地制宜规划发展、动态开展评估预警等；提出按照国家和四川省关于分布式光伏电网承载能力评估有关政策和工作要求，按季度评估并对外公布分布式光伏可开放容量和“红、黄、绿”等级判定结果，并报备省能源局。,https://fgw.sc.gov.cn/sfgw/tzgg/2025/6/19/37f4bca828414683a3b2167cf220daba.shtml,510000
2025/6/22,新疆维吾尔族自治区,《自治区贯彻落实深化新能源上网电价市场化改革实施方案（试行）》,政策制度,"新能源,电力市场",旨在贯彻落实新疆维吾尔自治区深化新能源上网电价市场化改革。主要任务包括推动新能源上网电价全面由市场形成、建立新能源可持续发展价格结算机制、确定机制电量规模、电价水平以及明确差价结算方式。,https://xjdrc.xinjiang.gov.cn/xjfgw/c108396/202506/a195076dc1b5403ba18538198c1a1694.shtml,
2025/6/24,江西省,《关于进一步完善分时电价机制有关事项的通知》,政策制度,"新能源,电力市场",旨在分发挥分时电价信号作用。提出优化峰谷时段，推动新型储能发展；优化价差比例，将分时电价浮动基础由“电能量交易价格+输配电价”调整为“电能量交易价格”等。,https://drc.jiangxi.gov.cn/jxsfzhggwyh/col/col4990/content/content_1937430631735218176.html,360000
2025/6/25,江苏省,《江苏省突发生态环境事件应对办法》,政策制度,生态安全,旨在规范江苏省突发生态环境事件应对活动，预防和减少突发生态环境事件的发生。自2025年9月1日起施行。突发生态环境事件按照国家规定分为特别重大、重大、较大和一般四级。提出严密防控生态环境风险、保护生态环境敏感目标，及时妥善科学处置各类突发生态环境事件等要求。,https://www.js.gov.cn/art/2025/7/2/art_46143_11593070.html,320000
2025/6/26,天津市,《关于印发天津市碳排放权交易管理暂行办法的通知》,政策制度,碳排放权交易,旨在为规范天津市市碳排放权交易及相关活动。本办法适用于本市行政区域内开展的地方碳排放权交易及相关活动。提出碳排放配额分配以免费发放为主、有偿发放为辅。市生态环境局确定不超过年度碳排放配额总量的5％作为调整量，用于碳排放配额调整、有偿发放和市场调节等。,https://www.tj.gov.cn/zwgk/szfwj/tjsrmzfbgt/202506/t20250626_6966221.html,120000
2025/6/30,青海省,《关于加强煤炭清洁高效利用的实施方案》,政策制度,"产业领域,煤炭",旨在推动提高青海省煤炭清洁高效利用水平。提出加快安全智能化发展、提升清洁生产水平、推进节能环保升级等工作，强化煤炭的安全环保生产。合理控制煤炭消费总量、推动煤电行业减污降碳、提高重点行业用煤效能、推进煤炭分质分级利用等。,http://wap.qinghai.gov.cn/jdhy/zjjd/202506/t20250630_297162.html,630000
2025/6/30,北京市,《北京市碳普惠管理办法（试行）》,政策制度,碳普惠,旨在进一步规范北京市碳普惠相关工作，引导公众积极参与绿色低碳行动，助力首都实现碳达峰碳中和目标。包括总则、碳普惠方法学管理、碳普惠项目管理等共六章35条。在碳普惠方法学管理方面，明确了碳普惠方法学实施分级管理与动态评估，优先支持低碳交通、绿色建筑等公众参与度高的领域等。,https://sthjj.beijing.gov.cn/bjhrb/index/xxgk69/zfxxgk43/fdzdgknr2/zcfb/543377609/743687118/index.html,110000
2025/7/3,海南省,《海南低碳岛建设方案》,政策制度,绿色低碳转型,旨在加快海南自贸港绿色低碳高质量发展。目标2030年前，全省实现碳达峰，经济社会发展向低碳方向快速迈进。2045年前，全面建成低碳岛，全省二氧化碳年排放量比峰值期下降70%，建成零碳、高效、智慧、韧性、安全的新型能源系统。2060年前，全省实现碳中和。,https://www.hainan.gov.cn/hainan/szfwj/202507/5b8fc216682c4195988d61e4198e3420.shtml,460000
2025/7/4,内蒙古自治区,《关于推进产品碳足迹标识认证工作的实施意见》,政策制度,碳足迹管理,旨在推动建立符合内蒙古产业发展特色的产品碳足迹标识认证制度。提出积极开展重点产品碳足迹标识认证；推进产品碳足迹认证标准实施；搭建碳足迹认证数据服务平台，提升产品碳足迹计量保障能力等意见。,https://www.nmg.gov.cn/zfbgt/zwgk/zzqwj/202507/t20250704_2753571.html,150000
2025/7/9,上海市,《上海市大型活动碳中和工作指引》,政策制度,节能降碳,旨在助力上海市演出、赛事、会议、展览等领域大型活动的碳中和工作。包括定义、总体要求、责任主体实施内容等共四章20条措施。鼓励举办大型活动的机关、企业事业单位、社会团体等组织以及场馆单位、服务单位和参与方等主体按照本指引对大型活动实施碳中和，并主动公开相关信息。,https://www.shanghai.gov.cn/gwk/search/content/3a801f72d8aa4c4e951d0938b5971295,310000
2025/7/9,云南省,《云南省推动绿电直连建设实施方案》,政策制度,"新能源,绿电",旨在为进一步发挥云南绿色能源优势，推动绿电资源就地转化，助力“绿电+先进制造业”走深走实。绿电直连是指风电、光伏、生物质发电等清洁能源不直接接入公共电网，通过直连线路向单一电力用户供给绿电，可实现供给电量清晰物理溯源的模式。直连线路按照负荷是否接入公共电网分为并网型和离网型两类。,https://yndrc.yn.gov.cn/html/2025/qitawenjian_0709/22323.html,530000
2025/7/9,广东省,《关于完善碳减排市场机制 助力“百千万工程”和绿美广东生态建设的若干措施》,政策制度,"碳普惠,节能降碳",旨在充分发挥碳减排市场机制作用，进一步推动广东省高质量发展。提出强化碳减排市场机制对生态产品价值转化的助力、强化碳足迹管理对乡村振兴高质量发展的助力等三大方面，丰富拓展碳普惠方法学体系、加强农林生态产品碳足迹评价管理等8项具体措施。,https://gdee.gd.gov.cn/shbtwj/content/post_4745653.html,440000
2025/7/9,广东省,《浙江、河南、广东省分布式可再生能源发电项目绿证核发工作方案》,政策制度,能源领域,为深化绿证核发全覆盖工作，做好分布式可再生能源发电项目（以下简称分布式项目）绿证核发，结合浙江、河南、广东省实际，制定本方案。重点任务包括统筹推进项目建档立卡、按电量用途核发绿证等。力争在2025年12月底前基本实现分布式项目绿证核发全覆盖。,http://www.nea.gov.cn/20250723/48e11a3413dc440f8306c38a1869940c/c.html,440000
2025/7/10,北京市,《北京市甲烷排放控制行动方案》,政策制度,减污降碳,旨在有力有序推动北京市甲烷排放控制，推进降碳减污协同增效。明确到2030年，形成较为完善的甲烷排放控制政策标准体系和统计核算体系，数据监测能力明显提升；重点领域甲烷排放得到有效控制，打造一批试点示范工程，全市甲烷排放总量保持下降趋势等。聚焦强化甲烷与污染物协同控制、科学谋划农业领域甲烷排放控制等八方面任务。,https://sthjj.beijing.gov.cn/bjhrb/index/xxgk69/zfxxgk43/fdzdgknr2/zcfb/2024bzcwj/743687125/index.html,110000
2025/7/15,内蒙古自治区,《内蒙古自治区推动氢能装备制造产业高质量发展行动方案》,政策制度,"能源领域,氢能",旨在部署推动内蒙古氢能装备制造产业高质量发展重点任务。明确到2027年，内蒙古全区氢能“制储输用”全产业链装备制造产业创新能力显著提高，建立较为完善的供应链和产业体系。初步构建布局合理、协同紧密的产业集群，形成特色鲜明、优势互补的发展格局。攻克一批制约产业发展的“卡脖子”技术，在关键材料、核心部件制造等方面取得显著进展。,https://nyj.nmg.gov.cn/ywdt/gzdt/202507/t20250715_2758500.html,150000
2025/7/16,上海市,《上海碳市场全面深化改革行动方案（2026-2030年）》,政策制度,碳排放权交易,旨在健全上海市绿色低碳发展机制。包括实施碳排放权交易市场提质增效、实施温室气体自愿减排引导激励两个行动十六项措施，包括规范配额有偿竞价发放和结转机制、丰富碳金融产品和服务体系等。,https://www.shanghai.gov.cn/nw12344/20250814/53e2be9dc09a47c6988e86cc88cfe7b9.html,310000
2025/7/17,山东省,《关于印发〈山东省零碳园区建设方案〉的通知》,政策制度,"节能降碳,零碳园区",通知明确了山东省各部门职责：省发改委统筹推进零碳园区建设并给予试点、项目、资金等支持，省工信厅指导工业园区低碳化改造，省能源局推动园区绿色能源供给体系建设；同时要求各市相关部门结合实际落实工作，附件包含《山东省零碳园区建设方案》及《山东省零碳园区建设基本条件》。,http://fgw.shandong.gov.cn/art/2025/7/17/art_306787_75483.html,370000
2025/7/17,江西省,《江西省绿色矿山管理办法》,政策制度,"产业领域,矿业",旨在加快江西省矿业转型绿色发展。目标到2028年底，全省持证在产的90%大型矿山、80%中型矿山要达到绿色矿山标准要求，各地可结合实际，参照绿色矿山标准加强小型矿山管理。包括建设要求、支持政策等7大部分。,https://www.jiangxi.gov.cn/jxsrmzf/szfbg100/pc/content/content_1947202159542185984.html,360000
2025/7/19,江苏省,《进一步促进民营经济绿色发展的若干措施》,政策制度,绿色经济,旨在指导江苏省生态环境部门更好支持服务民营经济绿色发展。包括促进绿色低碳转型、强化财政金融支持、推广集中治污模式等12条措施。提出配合相关部门加快推进产品碳足迹管理体系建设，在受绿色贸易政策影响较大的行业率先开展碳足迹核算和认证等。,https://sthjt.jiangsu.gov.cn/art/2025/7/21/art_87058_11605025.html,320000
2025/7/24,山西省,《促进全省能源领域民营经济发展若干措施》,政策制度,能源领域,旨在促进山西省能源领域民营经济加快发展。包括支持投资建设能源基础设施、支持发展能源新业态新模式、支持民营能源企业转型升级等共十大部分25条措施。,https://nyj.shanxi.gov.cn/zfxxgk/fdzdgknr/sjwj/202507/t20250728_9925718.shtml,140000
2025/7/24,贵州省,《贵州省建立健全碳排放统计核算和碳排放双控制度体系工作方案》,政策制度,碳排放管理,旨在加快夯实贵州省碳排放双控基础制度，构建完善碳排放统计核算体系。目标到2030年，系统完备的碳排放统计核算体系构建完成，省、市（州）两级碳排放统计核算制度全面建立并有效运转，重点行业领域碳排放核算方法更加健全，重点用能和碳排放单位碳排放管理能力显著提升，产品碳足迹管理体系更加完善，碳排放数据能够有效满足各层级、各领域、各行业碳排放管控要求。,https://fgw.guizhou.gov.cn/zwgk/xxgkml/zcfg/zcwj/202507/t20250724_88327551.html,520000
2025/7/25,山东省,《山东省生态环境导向的开发（EOD模式项目管理办法（试行）》,政策制度,"生态安全,绿色经济",生态环境导向的开发（EOD）模式（以下简称EOD模式）是一种创新性的项目组织实施方式，山东省旨在通过将公益性较强的生态环境治理与收益较好的关联产业有效融合、统筹推进、市场化运作、一体化实施，以生态环境治理提升关联产业经营收益，以产业增值收益反哺生态环境治理投入，实现高水平保护与高质量发展的良性互动。分为8章、23条。,http://xxgk.sdein.gov.cn/zfwj/lhf/202507/t20250731_4839899.html,370000
2025/7/28,宁夏回族自治区,《宁夏回族自治区风电、光伏发电项目管理办法》,政策制度,"新能源,风电,光伏",旨在进一步加强宁夏回族自治区集中式风电、光伏项目管理。适用于宁夏回族自治区境内建设及运行的集中式风电、光伏项目管理，项目类型包括国家大型风电光伏基地项目、特色优势产业绿电园区项目、保障性并网项目、其他类型项目等。包括规划管理、年度开发建设方案等9部分。,https://fzggw.nx.gov.cn/zcgh/gfxwj1/202507/t20250729_4973863.html,640000
2025/7/29,云南省,《云南省现代物流业高质量发展三年行动方案（2025—2027年）》,政策制度,"产业领域,物流业",云南省部署实施七个方面21项重点任务。提出持续优化调整运输结构，支持大宗货运物资和中长距离运输“公转铁”“公转水”，到2027年，全省铁路货运量、铁路货运周转量占比分别提高至10%和24%左右；制定新能源重卡推广应用规划，持续完善全省充换电设施网络布局；积极打造零碳园区等。,https://yndrc.yn.gov.cn/html/2025/tongzhigonggao_0729/22650.html,530000
2025/7/29,内蒙古自治区,《关于鼓励开展内蒙古自治区大型活动碳中和的实施方案》,政策制度,节能降碳,旨在有效引导内蒙古自治区自愿减排和绿色消费，鼓励大型活动实施碳中和。主要是指在特定时间和场所内开展的参与人数500人以上的较大规模聚集活动。包括但不限于会议、演出、论坛、体育赛事、展览、节庆活动等。可开展减排行动并采取抵消措施。,https://sthjt.nmg.gov.cn/xxgk/zfxxgk/fdzdgknr/zdlyxx/ydqhbh1/202507/t20250729_2766029.html,150000
2025/7/30,湖北省,《关于开展零碳园区建设和组织申报国家级零碳园区的通知》,政策制度,"节能降碳,零碳园区",旨在推进湖北省零碳园区建设。零碳园区建设重点任务包括加快园区用能结构转型、大力推进园区节能降碳、调整优化园区产业结构等。通知包括申报方式、申报条件等。,https://fgw.hubei.gov.cn/fbjd/zc/zcwj/tz/202507/t20250730_5734871.shtml,420000
2025/7/30,宁夏回族自治区,《宁夏回族自治区推动建设美丽中国先行区实施方案》,政策制度,美丽中国,旨在以美丽宁夏建设为统领，分级分类推动自治区级、城市、县域美丽中国先行区建设。提出分层级分步骤建设美丽中国先行区宁夏样板：大力夯实省级先行区建设基础、高标准建设美丽城市、因地制宜建设美丽乡村。,https://www.nx.gov.cn/zwgk/qzfwj/202507/t20250730_4974981.html,640000
2025/8/4,上海市,《关于深入推进生态文明建设打造美丽中国上海典范的决定》,政策制度,美丽中国,旨在为全球超大城市可持续发展贡献上海方案。提出推进生态文明建设，应当完整准确全面贯彻新发展理念，服务构建新发展格局，大力发展循环经济，厚植高质量发展的绿色底色，促进经济社会发展全面绿色低碳转型等。,https://sthj.sh.gov.cn/hbzhywpt1013/hbzhywpt1042/20250804/68803ba48d6c4aacb3ebdac58011025b.html,310000
2025/8/5,上海市,《关于上海市贯彻落实新能源上网电价市场化改革有关事项的通知》,政策制度,"新能源,电力市场",旨在推动上海市新能源公平参与电力市场交易，促进新能源高质量可持续发展。主要包括推动新能源上网电价全面由市场形成、建立新能源可持续发展价格结算机制、完善市场跟踪与部门协作工作机制等三个方面共17条措施，将试行至2026年底。,https://fgw.sh.gov.cn/fgw_jggl/20250804/dabf972a3f494bf79a8774dc786e8b7d.html,310000
2025/8/11,重庆市,《重庆市分布式光伏发电开发建设管理实施细则》,政策制度,"能源领域,分布式光伏",旨在促进重庆市分布式光伏发电高质量发展，助力构建新型电力系统。包括行业管理、备案管理等七章31条。提出采用自发自用余电上网的一般工商业分布式光伏发电项目，根据市内电力负荷分布确定不同自发自用电量比例，其中：主城都市区22个区县辖区内的项目年自发自用电量占发电量的比例原则上不低于20%等。,https://fzggw.cq.gov.cn/zwxx/tzgg/202508/t20250811_14890994.html,500000
2025/8/12,广东省,《关于推进碳排放配额担保助力绿色金融发展的若干意见》,政策制度,"绿色金融,碳排放管理",在全国范围内首次为碳排放配额质押融资提供系统化的司法保障。从争议处置、减排激励、评估监督到担保创新等多方面，提出了13条具体规定。为降低碳排放配额质押融资争议风险，明确碳排放配额属于合法质押标的，在省级交易平台完成登记后，就产生法律效力等。,https://www.gd.gov.cn/gdywdt/bmdt/content/post_4758350.html,440000
2025/8/12,江苏省,《关于支持车网互动规模化应用试点城市和试点项目建设电价政策有关事项的函》,政策制度,交通领域,旨在支持江苏省车网互动规模化应用试点城市和试点项目建设。包括电动汽车充换电设施充电价格政策、电动汽车向电网反向放电价格政策等内容。明确的车网互动规模化应用试点城市常州市，南京市、无锡市和常州市车网互动规模化应用试点项目，自2025年8月15日起，试行至2026年12月31日止。,https://fzggw.jiangsu.gov.cn/art/2025/8/14/art_51012_11628764.html,320000
2025/8/15,湖北省,《湖北省美丽乡村建设工作方案》,政策制度,美丽中国,旨在全面加强湖北省农业农村生态环境保护。目标分阶段到2035年，全省美丽乡村基本建成。农村绿色生产生活方式广泛形成，乡政府驻地、中心村等重点村庄全面完成环境整治等。主要任务包括全面推进农业绿色低碳发展等，提出强化秸秆资源化利用和有效管控；支持先进性强、减污降碳效益突出的农村生态环境治理、农业面源污染防治新材料、新技术、新装备研究推广等。,https://sthjt.hubei.gov.cn/fbjd/zc/zcwj/sthjt/ehf/202508/t20250825_5754408.shtml,420000
2025/8/16,湖北省,《湖北省美丽城市建设工作方案》,政策制度,美丽中国,旨在整体推进湖北省绿色低碳、环境优美、生态宜居、安全健康、智慧高效的美丽城市建设。主要任务包括推进城市绿色低碳转型、改善城市生态环境质量等五部分，提出推进大气环境治理。推进固定源、移动源、面源、外源“四源齐控”；推动产业绿色转型；推进建筑节能降碳等。,https://sthjt.hubei.gov.cn/fbjd/zc/zcwj/sthjt/ehf/202508/t20250825_5754561.shtml,420000
2025/8/18,甘肃省,《甘肃省深化新能源上网电价市场化改革促进新能源高质量发展实施方案》,政策制度,"新能源,电力市场",旨在促进甘肃省新能源及新能源装备制造产业高质量发展。提出全面推动新能源上网电量进入市场交易、建立健全支持新能源高质量发展的制度机制、加快完善与新型电力系统相适应的电力市场体系等方面。并附甘肃省新能源可持续发展价格结算机制竞价实施细则。,https://zwfw.gansu.gov.cn/gannan/tsfw/xmtzfwzq/xwdt/art/2025/art_b0ee7d17eceb45e58e98921cb6502612.html,620000
2025/8/27,广东省,《广东省碳足迹管理体系建设工作方案》,政策制度,碳足迹管理,旨在加快构建广东省碳足迹管理体系，推动企业绿色低碳转型升级。目标到2027年基本建立广东省碳足迹管理体系，构建符合国家要求、与国际规则衔接的碳核算技术规范，碳标签管理更加规范，完成200个左右产品碳足迹核算评价，产品碳足迹核算评价方法与应用实现粤港澳互信互认等。到2030年，广东省碳足迹管理体系更贾完善。完成500个左右产品碳足迹核算评价，产品碳足迹应用场景持续丰富等。影响力持续扩大，有力支撑绿色低碳转型。,https://gdee.gd.gov.cn/shbtwj/content/post_4769109.html,440000
2025/8/27,云南省,《云南省深化新能源上网电价市场化改革 促进新能源高质量发展的实施方案》,政策制度,"新能源,电力市场",旨在推动云南省新能源上网电量全面进入电力市场。新能源项目（含集中式光伏和风电、分布式光伏、分散式风电）上网电量原则上全部进入电力市场，上网电价通过市场交易形成。完善现货市场交易和价格机制，健全中长期市场交易和价格机制。提出建立健全支持新能源高质量发展的制度机制，新能源参与电力市场交易后等，并对存量和增量项目机制电量规模、机制电价和执行期限作出规定。,https://yndrc.yn.gov.cn/html/2025/tongzhigonggao_0827/23092.html,530000
2025/9/1,青海省,《青海省发挥绿电优势推动产业外向型发展实施方案》,政策制度,"新能源,电力市场",旨在为充分发挥青海省清洁能源资源优势，发挥外贸对稳增长的支撑作用。目标到2030年，全省有降碳刚性需求的出口外向型企业绿色低碳转型基本实现，重点企业绿电交易比例显著提高，绿电消费认证和碳足迹认证基本实现全覆盖，形成绿电赋能产业外向发展新高地，外贸对经济稳增长的支撑作用逐步增强。重点任务包括优化绿电供应模式、健全绿电市场机制等。,http://fgw.qinghai.gov.cn/zfxxgk/sdzdgknr/fgwwj/202509/t20250902_90124.html,630000
2025/9/3,内蒙古自治区,《内蒙古自治区固定资产投资项目节能审查和碳排放评价实施办法》,标准及许可,"碳排放评价,节能降碳","旨在建立内蒙古自治区能耗双控向碳排放双控全面新型转型新机制，加强固定资产投资项目能源消费和碳排放管理，落实碳排放双控制度要求。明确国务院和国家发展改革委审批的项目，以及年综合能源消费1万吨标准煤及以上的项目由自治区节能审查机关负责；消费量5千-1万吨标准煤的项目由盟市节能审查机关负责；消费量1千-5千吨标准煤的项目由旗县节能审查机关负责。碳排放评价是指在对项目进行节能审查时，按照碳排放双控要求同步对项目碳排放水平、实施影响和降碳措施等进行评价，并形成评价结果的行为。项目碳排放评价结果纳入项目节能审查意见。
",https://fgw.nmg.gov.cn/zfxxgk/fdzdgknr/xzgfwj/hjbh/202509/t20250903_2784212.html,150000
2025/9/12,宁夏回族自治区,《自治区深化新能源上网电价市场化改革实施方案》,政策制度,"新能源,电力市场",旨在结合宁夏实际，促进新能源高质量发展。方案明确推动新能源上网电价全面由市场形成、建立健全支持新能源高质量发展的制度机制、建立改革协同联动工作机制等多项举措。,https://fzggw.nx.gov.cn/zcgh/fgwwj/202509/t20250915_5021985.html,640000
2025/9/14,河南省,《河南省农作物秸秆综合利用行动方案（2025—2027年）》,政策制度,低碳循环发展,旨在实现河南省秸秆资源高效集约利用、产业模式低碳循环发展。要求到2027年初步建成布局合理、链条完整的饲料化利用产业带盒秸秆“收、储、运、用”网络。提出包括建设秸秆沃土高标准农田引领区，推广循环利用技术，构建以秸秆换填为纽带的农业绿色低碳循环发展新模式等六项重点任务。,https://www.henan.gov.cn/2025/09-14/3211775.html,410000
2025/9/14,福建省,《关于加快福建经济社会发展全面绿色转型的行动方案》,政策制度,美丽中国,旨在推动福建省经济社会发展绿色化、低碳化，要求分阶段到2035年经济社会发展全面进入绿色低碳轨道，全面建成美丽福建。方案提出构建山海协同绿色低碳高质量发展格局、加快产业结构绿色低碳转型升级、积极稳妥推进能源绿色低碳转型、着力构建绿色交通运输体系等七项重点任务，明确通过完善绿色低碳技术创新和健全绿色转型政策强化统筹保障。,https://www.fujian.gov.cn/zwgk/zxwj/szfwj/202509/t20250914_7009409.htm,350000
2025/9/14,重庆市,《重庆市固定资产项目节能审查和碳排放评价实施办法》,标准及许可,碳排放评价,旨在建立重庆市能耗双控向碳排放双控全面新型转型新机制，加强固定资产投资项目能源消费和碳排放管理，落实碳排放双控制度要求。明确坚持节约优先、能效引领，强化节能降碳指标管理，合理控制化石能源消费，坚决遏制高耗能、高排放、低水平项目盲目上马，积极稳妥推进碳达峰碳中和。,https://fzggw.cq.gov.cn/zwgk/zfxxgkml/zcwj/xzgfxwj/sfzggwxzgfxwj/202509/t20250917_15015353.html,500000
2025/9/15,河南省,《河南省加快人工智能赋能新型工业化行动方案（2025—2027年）》,政策制度,"人工智能,新质生产力,绿色化转型",旨在促进河南省人工智能等新一代信息技术与制造业深度融合，推动制造业高端化、智能化、绿色化转型，培育发展新质生产力。目标到2027年人工智能产业规模突破1600亿元。方案提出人工智能赋能新能源汽车产业；人工智能赋能生产制造智能化，提升绿色生产水平；人工智能助力节能减排动态优化，实行碳排放预算管理，实现碳排放来源追踪、碳排放趋势分析、超排放预警等多项举措。,https://www.henan.gov.cn/2025/09-15/3226841.html,410000
2025/9/17,吉林省,《吉林省建立碳足迹管理体系实施方案》,政策制度,碳足迹管理,旨在建立吉林省产品碳足迹管理体系，助力推进新质生产力发展和碳达峰碳中和。目标到2030年全省重点产品碳足迹核算标准体系进一步完善，碳足迹管理体系全面形成。方案明确积极参与碳足迹核算和分级管理规则制定、扩充完善省级产品碳足迹因子、丰富产品碳足迹应用场景、加强产品碳足迹人才培养等多项重点任务。,https://sthjt.jl.gov.cn/ywdt/szyw/202407/t20240719_3263406.html,220000
2025/9/17,河南省,《河南省金融服务“两高四着力”实施方案》,政策制度,"美丽中国,金融",旨在进一步河南省集聚金融资源，提升金融服务能力，优化金融生态环境。提出加力支持美丽河南建设，为重点领域、重点区域和重大项目的绿色发展提供中长期资金支持；创新绿色金融产品和服务，鼓励保险机构研发碳保险产品、推广环境污染责任保险；加大利用资本市场绿色融资力度；加强绿色金融发展机制保障等多项任务。,https://www.henan.gov.cn/2025/09-17/3227782.html,410000
2025/9/17,西藏自治区,《西藏自治区进一步加强绿色矿山建设的若干措施》,政策制度,"减污降碳,绿色矿山",旨在加强西藏自治区矿产资源勘查、保护、合理开发，协同推进降碳减污扩绿增长，加快矿业绿色低碳转型发展。提出了优化审批流程、加强要素保障、强化科技赋能、严守生态底线等十项措施为绿色矿山建设提供保障。,https://www.xizang.gov.cn/zwgk/xxfb/zbwj/202509/t20250917_500323.html,540000
2025/9/18,黑龙江省,《黑龙江省固定资产投资项目节能审查和碳排放评价实施办法》,标准及许可,碳排放评价,旨在建立黑龙江省能耗双控向碳排放双控全面新型转型新机制，加强固定资产投资项目能源消费和碳排放管理，落实碳排放双控制度要求。明确区域节能降碳目标、节能降碳措施、能效和碳排放准入、化石能源消费控制等要求。,https://drc.hlj.gov.cn/drc/c111444/202509/c00_31874565.shtml,230000
2025/9/19,湖北省,《湖北碳排放权交易试点市场扩容工作方案》,政策制度,碳排放权交易,旨在推进湖北省试点碳市场扩容发展，通过扩容提升试点碳市场的产品创新型、市场流动性和服务能力。明确降低工业行业纳入门槛、扩大非工业行业覆盖范围、新增覆盖的温室气体种类三大扩容方向。提出包括组织开展碳排放核查核算、推进碳计量试点工作、完善碳排放配额管理制度在内的多项重点任务。,https://sthjt.hubei.gov.cn/fbjd/zc/zcwj/sthjt/ehf/202509/t20250922_5776455.shtml,420000
2025/9/19,广东省,《关于深化新能源上网电价市场化改革促进新能源高质量发展的实施方案》,政策制度,"电价市场化,新能源",旨在推进广东省新能源上网电价市场化改革工作，促进新能源高质量发展。目标到2025年底前实现新能源上网电价全面市场化，提升新能源与电力系统的协同能力，促进新能源产业高质量发展。提出建立新能源可持续发展价格结算机制、新能源可持续发展价格结算机制的结算方式、强化改革与绿电绿证机制的协同等多项重点任务。,https://drc.gd.gov.cn/ndjh/content/post_4775502.html,440000
2025/9/23,北京市,《产业园区规划环境影响评价技术指南 碳排放》,政策制度,"碳排放评价,环境影响评价",旨在推动北京市环境影响评价向“生态环境保护+气候变化应对”协同管控升级。明确碳排放评价指标构建、碳排放核算与分析、减污降碳措施等技术要求，以产业园区和重点行业为“双锚点”，从能源活动、工业生产过程、废弃物处理等方面分析碳排放并提出管理要求。,https://scjgj.beijing.gov.cn/zwxx/gs/dfbzgg/202509/t20250929_4213904.html,110000
2025/9/25,辽宁省,《辽宁省深化新能源上网电价市场化改革实施方案》,政策制度,"电价市场化,新能源",旨在完善辽宁省电力市场体系，促进新能源高质量发展。目标深化新能源上完电价市场改革，建立适应辽宁新能源发展特点的可持续发展价格计算机制。明确建立健全推动新能源高质量发展的价格机制、建立健全推动新能源高质量发展的市场机制和建立健全推动新能源上网电价市场化改革的支撑体系三大重点任务。,https://fgw.ln.gov.cn/fgw/index/tzgg/2025092617545981506/index.shtml,210000
2025/9/26,湖北省,《全面实施美丽湖北暨美丽中国先行区建设规划纲要（2025—2035年）》,政策制度,美丽中国,旨在推进美丽湖北和美丽中国先行区建设。明确要把握美丽湖北建设形势、谱写美丽湖北建设新篇、守牢美丽建设安全底线、引领中部崛起绿色经济、打造碧水蓝天优美环境、构筑良性循环和谐生态、缔造绿色宜居美丽城乡并传扬荆风楚韵生态人文。,https://sthjt.hubei.gov.cn/fbjd/zc/zcwj/sthjt/ehf/202509/t20250928_5781644.shtml,420000
2025/9/28,宁夏回族自治区,《自治区高耗能高排放项目管理办法》,政策制度,减污降碳,旨在完善宁夏回族自治区高耗能高排放项目管理政策体系。明确以年综合能耗1万吨标准煤（或电力消费量2000万千瓦时）、年主要污染物（二氧化硫、氮氧化物、挥发性有机物）排放总量50 吨及以上项目为重点实施高耗能高排放项目清单管理，要求高耗能高排放项目须落实产能置换、能耗替代、污染物替代等措施。,https://fzggw.nx.gov.cn/zcgh/gfxwj1/202510/t20251013_5051552.html,640000
2025/9/30,青海省,《青海省新能源项目开发建设管理办法》,政策制度,新能源,旨在规范青海省新能源项目开发建设秩序，促进新能源产业高质量发展。明确风电项目实行核准制，光伏、光热和新型储能项目实行备案制，电网企业应当及时优化电网规划建设方案和投资计划安排，统筹开展新能源项目配套送出工程建设和改造。,http://fgw.qinghai.gov.cn/zfxxgk/sdzdgknr/fgwwj/202509/t20250930_90306.html,630000
2025/10/9,河北省,《河北省推动“人工智能+”行动计划（2025—2027年）》,政策制度,"新能源,人工智能,新质生产力",旨在深化河北省人工智能产业协同，发展新质生产力。明确人工智能赋能汽车制造、新能源等产业，推动汽车产业智能化、绿色化、高端化转型，支持企业开展风电场风速风向预测、光伏电站自动清洗、储能设备分析和寿命预测等技术攻关，推动能源结构低碳转型。,https://www.hebei.gov.cn/columns/3d33a20b-4271-4b3b-8cae-3664e980d262/202510/11/66fa6e85-1f86-4d85-9a29-e31906e6222c.html,130000
2025/10/10,海南省,《海南省关于进一步深化环境影响评价制度改革的实施意见》,政策制度,环境影响评价,旨在提高海南省生态环境质量和资源利用效率，加快推进国家生态文明试验区建设。明确完善生态环境分区管控体系、提升规划环评宏观预防效力、优化建设项目环评管理、推进排污许可制度改革、全民推动产业园区内各项环境管理制度衔接互动等多项措施。,https://www.hainan.gov.cn/hainan/szfbgtwj/202510/2e1e358448404bc284752a51bd5fd1d7.shtml,460000
2025/10/13,黑龙江省,《2025年黑龙江省秸秆综合利用工作实施方案》,政策制度,秸秆综合利用,旨在健全黑龙江省秸秆收储运体系，探索建立可推广、可持续的产业发展模式和高效利用机制，引领秸秆综合利用提质增效。明确加强推进秸秆科学规范还田、加强秸秆收储运体系建设和供需衔接和加快秸秆产业化利用等多项重点任务，提出积极探索秸秆生产绿色甲醇、纤维素乙醇等先进液体燃料技术，拓宽秸秆能源化利用途径。,https://sthjt.jiangsu.gov.cn/art/2025/10/13/art_83589_11654499.html,230000
2025/10/13,重庆市,《重庆市持续推进城市更新三年行动 计划（2025—2027年）》,政策制度,美丽中国,旨在提升重庆市城市宜居功能品质和安全韧性水平，培育城市创新发展内生动力。目标到2027可持续城市更新多元化投融资新机制全面建立，创新融合富有活力的城市发展新动能全面培育。提出建设布局均衡、功能完善、系统联通的城市公园体系；坚持治山、治水、治城一体推进，推动减污降碳扩绿协同增效等主要任务。,https://www.cq.gov.cn/zwgk/zfxxgkml/szfwj/xzgfxwj/szfbgt/202510/t20251013_15075815.html,500000
2025/10/13,河北省,《支持全省重点行业环保绩效创A领跑企业若干措施》,政策制度,绿色金融,旨在进一步鼓励和支持河北省重点行业环保绩效A级企业争创领跑企业，引领带动全行业企业技术革新、装备更新、管理创新。制定非必要不再对领跑企业进行污染物排放总量、排放浓度、废气量等调控；加大绿色信贷支持力度，优先选取领跑企业作为试点，依据绿色金融及转型金融标准优化流程、产品和服务等措施。,https://hbepb.hebei.gov.cn/res/hbhjt/upload/file/20251013/f3d91f56e537494aa1490463dc5feabe.pdf,130000
2025/10/15,吉林省,《吉林省新能源上网电价市场化改革实施方案》,政策制度,"电价市场化,新能源",旨在统筹能源安全保障与绿色低碳发展，推动吉林省新能源上网电价全面衔接市场供需。目标建立适应吉林省新能源发展特点的可持续发展价格结算机制，实现新能源上网电价全面市场化。提出推动上集中式光伏、集中式风电、分布式光伏、分散式丰登等所有风电、太阳能项目全面进入电力市场，明确新能源参与市场方式，完善绿电绿证交易机制等主要任务。,https://jldrc.jl.gov.cn/zcfb/zcfg/202510/t20251015_9336174.html,220000
2025/10/20,天津市,《天津市深化新能源上网电价市场化改革实施方案》,政策制度,"电价市场化,新能源",旨在加快构建天津市新型电力系统、健全绿色低碳发展机制的决策部署。要求坚持市场改革、公平公开、因类施策、系统协调。推动新能源上网电价全面由市场形成、引导新能源有序参与市场形成价格、建立健全支持新能源高质量发展的制度机制等措施。,https://fzgg.tj.gov.cn/zwgk_47325/zcfg_47338/zcwjx/fgwj/202510/t20251022_7159562.html,120000
2025/10/20,湖南省,《湖南省深化新能源上网电价市场化改革促进新能源高质量发展实施方案》,政策制度,"电价市场化,新能源",旨在推动湖南省新能源上网电量全部进入电力市场，电价全面由市场形成。提出全省新能源项目（集中式风电、分散式风电、集中式光伏、分布式光伏）上网电量全部进入电力市场，通过市场交易形成上网电价。新能源项目可报量报价参与市场交易，也可接受市场形成的价格。明确新能源可持续发展价格结算机制的电量规模、机制电价和执行期限。,https://fgw.hunan.gov.cn/fgw/xxgk_70899/tzgg/202510/t20251020_33829927.html,430000
2025/10/21,上海市,《上海市促进建筑业高质量发展 加快培育增长新动能行动方案》,政策制度,"新质生产力,建筑行业,ESG",旨在全面推动上海市建筑业转型，加快形成新质生产力。目标到2030年，三星级绿色建筑占新建民用建筑比例达到20%。明确包括推动建筑企业开展ESG评价，综合运用财政、规划、土地、节能减排、绿色信贷、债券等政策工具，培育绿色建筑新经济增长点等任务。,https://www.shanghai.gov.cn/nw12344/20251021/8e1bec7367284652a8a006349759cb96.html,310000
2025/10/21,江苏省,《江苏省固定资产投资项目节能审查和碳排放评价实施办法》,标准及许可,碳排放评价,旨在建立江苏省能耗双控向碳排放双控全面转型新机制，加强固定资产投资项目能源消费和碳排放管理，提高能源利用效率。明确固定资产投资项目应合理控制化石能源消费，实现低能耗、低排放、高水平项目建设。,https://fzggw.jiangsu.gov.cn/art/2025/10/21/art_51007_11659363.html,320000
2025/10/21,江苏省,《江苏省深化新能源上网电价市场化改革 促进新能源高质量 发展实施方案》,政策制度,"电价市场化,新能源",旨在有序推进江苏省新能源上网电价市场化改革，促进新能源行业高质量发展。明确全省光伏发电、风力发电新能源项目上网电量全部进入电力市场。明确新能源上网电价全面由市场形成、建立支持新能源高质量发展制度机制和强化新能源市场化改革与有关政策协同等任务。,https://fzggw.jiangsu.gov.cn/art/2025/10/21/art_51007_11659583.html,320000
2025/10/21,重庆市,《加快建立以出口外贸为导向的产品碳足迹管理体系实施方案》,政策制度,碳足迹管理,旨在加快建立重庆市产品碳足迹管理体系，促进绿色低碳转型。目标到2030年，全市产品碳足迹管理体系基本构建，应用场景不断丰富。明确制定重点产品碳足迹管理目录清单、引导以出口外贸为主的企业开展重点产品碳足迹核算、加强产品碳足迹数据安全和知识产权保护等多项任务。,https://sthjj.cq.gov.cn/zwgk_249/zfxxgkml/zcwj/qtwj/202510/t20251021_15100022.html,500000
2025/10/23,重庆市,《重庆市加快发展新型建造方式 培育住建领域新质生产力实施方案》,政策制度,"新质生产力,建筑行业",旨在推动重庆市住建行业高质量发展。分阶段到2030年底现代建筑产业产值达到6000亿元。提出推动建筑绿色低碳发展，优化绿色建筑管理流程，持续提高星级绿色建筑占比；推动绿色建材规模化应用，健全绿色建材采信机制，进一步扩大采信范围；推动建筑固废循环利用等多项要求。,https://www.cq.gov.cn/zwgk/zfxxgkml/szfwj/qtgw/202510/t20251023_15105465.html,500000
2025/10/23,湖南省,《湖南省固定资产投资项目节能审查和碳排放评价实施办法》,标准及许可,碳排放评价,旨在加强湖南省固定投资项目能源消费和碳排放管理。提出固定资产投资项目节能审查意见是项目开工建设、竣工验收和运营管理的重要依据。明确应强化节能减碳指标管理，合理控制化石能源消费，坚决遏制高耗能、高排放、低水平项目。,https://fgw.hunan.gov.cn/fgw/xxgk_70899/zcfg/dfxfg/202510/t20251023_33831935.html,430000
2025/10/24,天津市,《天津市深化地方碳排放权交易市场建设工作方案》,政策制度,碳排放权交易,旨在进一步完善天津市碳排放权交易机制，更好发挥碳市场控制和减少温室气体排放机制作用。目标到2030年天津碳市场覆盖范围有序扩大。明确制定氢燃料电池汽车、油改电小客车碳减排量核算技术规范，组织重点排放单位编制年度数据质量控制方案和温室气体排放报告，推进温室气体清单等多项举措。,https://sthj.tj.gov.cn/ZWGK4828/ZCWJ6738/sthjjwj/202510/t20251024_7162019.html,120000
2025/10/24,重庆市,《重庆市美丽城市建设实施方案》,政策制度,美丽中国,旨在加快建设绿色低碳、环境优美、生态宜居、安全健康、智慧高效的美丽重庆。分阶段提出到2035年，城市绿色生产生活方式广泛形成，全面形成智慧高效、多元共治的超大城市生态环境治理体系。明确稳步提高城市生态宜居品质、切实保障城市环境健康安全、分层建设城市各类“美丽细胞”等六大任务。,https://www.cq.gov.cn/ywdt/jrcq/202510/t20251025_15112120.html,500000
2025/10/28,福建省,《福建省深化新能源上网电价市场化改革 促进新能源高质量发展实施方案》,政策制度,"电价市场化,新能源",旨在促进福建省新能源高质量发展，建立新能源可持续发展价格结算机制。明确推动集中式风电、集中式光伏、分散式风电和分布式光伏等多种风电、太阳能发电项目上网电量全部进入电力市场，以适宜方式推动新能源项目参与现货市场交易，完善现货市场、中长期市场和绿电市场交易机制。,https://fgw.fujian.gov.cn/zfxxgkzl/zfxxgkml/bwgfxwj/202510/t20251028_7027029.htm,350000
2025/10/28,上海市,《关于进一步做好我市光伏发电管理的通知》,政策制度,光伏,旨在推动上海市光伏发电高质量发展。对项目分类管理、光伏行业管理、上网模式、项目备案服务、并网消纳、项目建设等六方面做出规范，明确新建光伏发电应实现“可观、可测、可调、可控”，鼓励存量分布式光伏发电逐步改造具备相应功能。,https://fgw.sh.gov.cn/fgw_ny/20251024/3a388cc26089427fbe1a96e779e2890a.html,310000
2025/10/29,湖北省,《关于有序推动绿电直连项目建设的通知》,政策制度,"新能源,绿电",旨在有序推动湖北省绿电直连项目建设。指出绿电直连项目包含未向电网企业报装，或已报装但未确定供电方案的新增负荷，可配套建设通过直连线路供电的新能源。明确绿电直连项目方案编制应为整体化方案，应明确投资主体，应符合土地、环保、技术、政策要求，应做好源荷匹配等要求。,https://fgw.hubei.gov.cn/fbjd/zc/zcwj/tz/202510/t20251029_5800102.shtml,420000
2025/10/30,上海市,《上海市碳普惠管理办法》,政策制度,碳普惠,旨在规范上海市碳普惠机制建设和运行管理，推动形成绿色低碳生产生活方式。鼓励碳普惠相关主体选取区域代表性强、减排效益好、数据可靠性高的项目和场景开发方法学。明确减排项目、减排场景开发、减排量管理、减排量消纳方式、碳积分兑换等多项要求。,https://sthj.sh.gov.cn/hbzhywpt2022/20251030/5c8129b3a2b340ad8a05947183c22587.html,310000
2025/10/30,河南省,《关于印发河南省钢铁产业提质升级行动计划等 10个行动计划的通知》,政策制度,"产业领域,绿色化转型",旨在进一步推动河南省钢铁、煤炭、有色金属、食品、化工、建材、轻工业、纺织服装、医药和工程机械产业高端化、智能化、绿色化转型，实现行业高质量发展。提出鼓励建设绿色工业园区；支持打造绿色工厂、绿色供应链管理企业、零碳工厂；推广应用清洁高效制造工艺等多项举措。,https://www.henan.gov.cn/2025/10-30/3240265.html,410000
2025/10/30,湖北省,《湖北省2024年度碳排放权配额分配方案》,政策制度,碳排放管理,旨在科学合理地确定湖北省试点碳市场2024年度碳排放配额，规范有序地开展配额分配和管理。将化工、石化、数据中心等16个行业年温室气体排放达1.3万吨二氧化碳当量及以上的工业企业纳入碳排放配额管理，并将医药、造纸、食品饮料行业甲烷排放纳入碳排放配额管理。明确配额总量、计算方法、分配方法、调整机制、发放、抵消和激励机制。,https://sthjt.hubei.gov.cn/fbjd/zc/zcwj/sthjt/ehh/202510/t20251030_5801672.shtml,420000
2025/11/3,上海市,《上海市固定资产投资项目节能审查和碳排放评价实施办法》,标准及许可,碳排放评价,旨在建立上海市能耗双控向碳排放双控全面转型新机制，加强固定资产投资项目能源消费和碳排放管理，提高能源利用效率。明确对固定资产投资项目的分级分类管理、节能审查程序和监督管理责任。,https://fgw.sh.gov.cn/fgw_gfxwj/20251105/d902c21dd77a4606a82c2e30866d8dbf.html,310000
2025/11/3,福建省,《福建省2024年度碳排放配额分配实施方案》,政策制度,碳排放管理,旨在进一步发挥市场机制在控制福建省温室气体排放、降低全社会减排成本的重要作用。针对电力、钢铁、化工、石化、有色、民航、建材、造纸、陶瓷等九大行业，2021至2023年任一年排放二氧化碳1.3万吨以上的重点排放单位，提出碳排放配额计算方法。,https://sthjt.fujian.gov.cn/zwgk/zfxxgkzl/zfxxgkml/mlstbh/202511/t20251103_7029260.htm,350000
2025/11/4,浙江省,《浙江省新能源上网电价市场化改革实施方案》及配套细则,政策制度,"电价市场化,新能源",旨在促进浙江省能源结构转型和新能源产业高质量发展。明确推动风电、光伏发电等新能源项目全面进入现货市场、有序参与中长期市场；建立新能源存量项目机制电价标准、增量项目机制电价竞价标准、新能源机制电价差价电费结算规则等。,https://fzggw.zj.gov.cn/art/2025/11/4/art_1229123351_2578716.html,330000
2025/11/5,河北省,《河北省高速公路服务区碳普惠碳减排量核算方法学》等3个减排量核算方法学,标准及许可,"碳普惠,碳减排",旨在积极推进河北省交通领域碳减排方法学编制工作，系统推进零碳服务区试点建设，制定高速公路服务区碳普惠、充换电建设运营项目和广场照明节能改造项目碳减排量核算方法学。提出基准线排放量、碳普惠行为排放量和碳普惠行为减排量计算方法；并明确监测数据和监测程序。,https://hbepb.hebei.gov.cn/res/hbhjt/upload/file/20251105/2a4dca85c0614b2991b54cac415bcd7c.pdf,130000
2025/11/6,北京市,《北京市深化新能源上网电价市场化改革工作实施方案》,政策制度,"电价市场化,新能源",旨在加快构建北京市新型电力系统，健全绿色低碳发展机制。提出推动新能源项目上网电量全部参与市场交易、完善新能源项目上网电价市场形成机制、持续完善支持新能源高质量发展的制度机制和强化新能源市场改革政策协同等多项举措。,https://fgw.beijing.gov.cn/fgwzwgk/2024zcwj/bwgfxwj/202511/t20251107_4265642.htm,110000
2025/11/7,湖北省,《湖北省固定资产投资项目节能审查和碳排放评价实施办法》,标准及许可,碳排放评价,旨在建立湖北省能耗双控向碳排放双控全面转型新机制，加强固定资产投资项目能源消费和碳排放管理。提出固定资产投资项目节能审查意见是项目开工建设、竣工验收和运营管理的重要依据。明确对固定资产投资项目的管理职责、审查程序和监督管理。,https://fgw.hubei.gov.cn/fbjd/zc/gfwj/wj/202511/t20251107_5807372.shtml,420000
2025/11/7,重庆市,《关于进一步明确2024年度重庆市碳排放配额减污降碳激励机制有关事项的通知》,政策制度,"碳排放管理,减污降碳",旨在落实重庆市减污降碳相关激励政策，做好减污降碳激励配额发放工作。明确对2024年度重污染天气重点行业绩效评级为“绩效引领”的重点排放单位参照B级增发配额，对零碳园区内的重点排放单位适用等量法分配配额的生产线不再增发配额。,https://sthjj.cq.gov.cn/zwgk_249/zfxxgkml/zcwj/qtwj/202511/t20251105_15142648.html,500000
2025/11/12,内蒙古自治区,《全面推进美丽内蒙古建设筑牢我国北方重要生态安全屏障规划纲要 （2025—2035年）》,政策制度,美丽中国,旨在将内蒙古自治区打造为生态安全屏障建设的全国典范、资源能源绿色低碳发展的先行标杆。分阶段目标到2035年，生态环境治理体系和治理能力现代化基本实现。提出全面加强重点领域节能降碳、推进多层次多领域减污降碳协同创新、提升能源资源绿色化水平、持续深化VOCs治理及实施重污染天气消除行动等多项措施。,https://www.nmg.gov.cn/zwgk/zfxxgk/zfxxgkml/202511/t20251112_2816687.html,150000
2025/11/19,青海省,《青海省推进绿色低碳转型加快融入全国碳市场建设实施方案》,政策制度,"绿色低碳转型,碳排放管理",旨在运用市场机制积极应对气候变化，加快青海省经济社会发展全面绿色转型。分阶段目标到2030年，重点排放单位温室气体排放核算报告基本成熟，碳市场主题和交易产品更加多元化。明确深度融入全国强制减排市场建设、稳妥开展自愿减排项目开发交易、巩固提升参与融入全国碳市场能力、持续推进绿色低碳转型等多项任务。,http://www.qinghai.gov.cn/xxgk/xxgk/fd/zfwj/202511/t20251118_376248.html,630000
2025/11/25,河北省,《河北省虚拟电厂建设运营实施意见》,政策制度,新能源,旨在完善河北省虚拟电厂市场化运营管理机制，建立支持平台和应用规范，鼓励各类主体参与投资、建设和运营，加快推动虚拟电厂规范化、规模化、常态化、市场化发展。目标分阶段到2030年虚拟电厂应用场景进一步拓展。明确建立健全运行管理制度、推进虚拟电厂运营主体发展、健全参与电力市场规则体系、强化技术支撑服务、提升虚拟电厂安全运行水平等多项重点任务。,https://hbdrc.hebei.gov.cn/xxgk_2232/zc/wgfxwj/202511/t20251127_128842.html,130000
2025/11/27,山西省,《山西省生态环境保护条例》,政策制度,环境保护条例,旨在保护和改善生态环境，防治污染和其他公害，全面推进人与自然和谐共生的美丽山西建设。明确在大气污染重点区域实施煤炭消费总量控制；施工单位制定施工扬尘污染防治实施方案；加强煤炭清洁高效利用，促进绿色清洁能源发展和利用规模；构建区域绿色低碳循环产业等多项要求。,https://www.sxpc.gov.cn/zyfb/zxfg/art/2025/art_4a15dea63cd14049bc0ea03dae94e34b.html,140000
2025/11/27,湖北省,《湖北省分布式光伏发电开发建设管理实施细则》,政策制度,"新能源,分布式光伏",旨在促进湖北省分布式光伏就近就地开发利用，推动分布式光伏健康可持续发展。明确利用新能源汽车充换电站顶棚建设以及与路灯、农村光伏长廊等基础设施结合的光伏发电设施，参照一般工商业分布式光伏管理；农光互补、渔光互补以及小型地面光伏电站，按集中式光伏电站进行管理；备案管理、建设管理及运行管理等标准。,https://fgw.hubei.gov.cn/fbjd/xxgkml/jgzn/wgdw/nyj/xnyhkzsnyc/tzgg/202511/t20251127_5821728.shtml,420000
2025/11/28,重庆市,《重庆市要素市场化配置综合改革试点行动方案》,政策制度,绿色低碳转型,旨在持续优化重庆市制度供给和政府供给，破除阻碍要素自由流动和高效配置的体制机制障碍。明确通过深化天然气体制改革、深化电力市场改革、推动碳市场提质增效、健全环境权益实现机制实现资源环境市场制度建设。提出聚焦航空航天、人工智能、低空经济、新型能源、生命健康等新业态领域孵化应用场景。,https://www.cq.gov.cn/zwgk/zfxxgkml/szfwj/xzgfxwj/szf/202511/t20251128_15195161.html,500000
2025/11/28,上海市,《上海市海洋产业发展规划（2026—2035年）》,政策制度,"新质生产力,海洋产业,绿色染料",旨在加快将上海市建设为现代海洋城市，构建现代海洋产业体系，以新质生产力推动海洋经济高质量发展。目标到2035年全面建设中国特色海洋强国建设引领区和国际领先的现代海洋城市。明确加强船舶绿色燃料技术路线研究，加快绿色造修船规范与标准体系建设，建设国际航运绿色燃料加注中心，加快深远海风电示范项目重大工程建设等重点任务。,https://www.shanghai.gov.cn/nw12344/20251128/8cb4ee11f11c4e778430bf79a7aaa753.html,310000
2025/11/28,广东省,《广东新能源参与电力市场交易补充细则》,政策制度,新能源,旨在健全适应新能源发展的市场发展机制，平稳推进广东省风电、光伏等新能源电量全部进入电力市场。明确新能源报价报量参与现货市场，可同时参与电能量中长期交易；聚合为发电类虚拟电厂报量报价参与现货市场，可同时参与电能量中长期交易；作为价格接受者参与现货市场，不能参与电能量中长期交易三种参与电力市场方式。,https://gdshe.org/article/26383.html,440000
2025/12/1,辽宁省,《辽宁省固定资产投资项目节能审查和碳排放评价实施办法》,标准及许可,碳排放评价,旨在建立辽宁省能耗双控向碳排放双控全面转型新机制，加强固定资产投资项目能源消费和碳排放管理。要求各部门加强对节能审查工作的总体指导和统筹协调，坚持节约优先、能效引领，强化节能降碳指标管理，合理控制能源化石消费，坚决遏制高能耗、高排放、低水平项目盲目上马。明确固定资产投资项目的分级分类管理、节能审查程序和监督管理责任。,"https://fgw.ln.gov.cn/uiFramework/js/pdfjs/web/viewer.html?file=/fgw/articleFileDir/2025-12/01/5b3248cd87be436881ae28bfa0ac4f8f/2025112414563036244.pdf&aisite-article-file=fgw,5b3248cd87be436881ae28bfa0ac4f8f,2025-12-01%2012:51:35",210000
2025/12/2,湖北省,《湖北省人民政府办公厅关于加快推进绿色智能建造产业发展的实施意见》,政策制度,建筑行业,旨在加快推进湖北省建筑业绿色智能转型和高质量发展。明确以智能建造赋能绿色创新发展推动产业集聚发展，打造绿色智能建造标杆项目大力培育市场主体，打造绿色智能建造产业互联网，加强绿色建材、智能装备、人力资源、建造技术、资金和信息流等生产要素协同推动高水平供需对接等实施意见。,https://www.hubei.gov.cn/zfwj/ezbf/202512/t20251202_5825014.shtml,420000
2025/12/2,上海市,《上海市碳普惠减排项目方法学 浅层地热能地源热泵供暖制冷的利用（SHCER01010032025Ⅱ）》,标准及许可,"碳普惠,地热能,地源热泵",旨在加快推进上海市碳普惠体系建设，促进浅层地热能开发利用，减少化石能源消耗。认定核算边界包括地埋管或地表水的循环换热取水管和地源热泵机组、项目区域内替代的既有或拟建的供暖、制冷设施。项目核算的温室气体排放源为CO2。明确基准线排放量计算、减排项目排放量计算、减排项目泄漏计算和减排量核算公式。,https://sthj.sh.gov.cn/hbzhywpt1098/ydqhbh/tph/20251202/b1b56acc6eeb43de97c223493f434666.html?sessionid=,310000
2025/12/2,青海省,《青海省虚拟电厂建设与运行管理方案》,政策制度,新能源,旨在规范青海省虚拟电厂建设运行管理，推动虚拟电厂规范化、常态化、规模化和市场化发展，提升电力保供和能源转型支撑能力。目标建设符合技术要求的虚拟电厂运营平台，为虚拟电厂参与中长期、现货、辅助服务、需求响应等各类市场提供参考。明确虚拟电厂范围、建设任务、系统建设与接入、虚拟电厂建设及市场运营等多项要求。,http://fgw.qinghai.gov.cn/zfxxgk/sdzdgknr/fgwwj/202512/t20251204_90702.html,630000
2025/12/5,江西省,《江西省特定地域单元生态产品价值（VEP）核算技术导则（试行）》,标准及许可,生态产品价值,"旨在指导和规范江西省特定地域单元生态产品价值（VEP）核算工作，提高核算的科学性、规范性、可操作性。适用于指导江西省行政区域内，以特定地域单元为载体，开展以生态保护和生态要素产业化开发为目标的生态产品价值核算工作。本导则给出了江西省特定地域单元生态产品价值（VEP）核算评估所涉及的核算原则、核算步骤、核算方法、评估报告等内容。
",https://drc.jiangxi.gov.cn/jxsfzhggwyh/col/col4990/content/content_1996848463198818304.html,360000
2025/12/8,云南省,《云南省固定资产投资项目节能审查和碳排放评价实施办法》,标准及许可,碳排放评价,旨在建立云南省能耗双控向碳排放双控全名转型新机制，加强固定资产投资项目能源消费和碳排放管理。提出根据固定资产投资项目建成投产后年综合能源消费量、煤炭消费量，云南省节能审查实行分级、分类管理。明确节能审查固定资产投资项目审查程序及监督管理办法。,https://yndrc.yn.gov.cn/html/2025/xingzhengguifanxingwenjian_1209/24624.html,530000
2025/12/9,北京市,《北京市碳足迹管理体系建设工作方案》,政策制度,碳足迹,旨在加快建立北京市碳足迹管理体系，推动形成绿色低碳供应链和生产生活方式，增强绿色低碳竞争力，助力实现碳达峰碳中和目标。目标到2027年，本市碳足迹管理体系初步建立。制定发布10个以上重点产品和典型服务碳足迹核算方法的标准或技术规范，初步构建本市重点产品和服务碳足迹因子数据库，完成15个产品或服务的碳足迹认证，培育一批专业服务机构，有力支撑企业绿色低碳供应链优化升级。到2030年，本市碳足迹管理体系更加完善。碳足迹核算方法标准或技术规范覆盖领域更加广泛，碳足迹数据库建设稳步推进，碳足迹管理制度更加健全，碳足迹应用场景更加丰富，有力推进产业链供应链绿色低碳转型。,https://sthjj.beijing.gov.cn/bjhrb/index/xxgk69/zfxxgk43/fdzdgknr2/zcfb/2024bzcwj/743878964/index.html,110000
2025/12/10,云南省,《云南省高质量推进零碳园区建设方案》,政策制度,零碳园区,旨在深化云南省零碳园区建设探索实践。目标到2030年，高质量建成2个及以上国家级零碳园区和15个省级零碳园区，并带动全省园区绿色低碳化水平持续提升。深化园区用能结构转型，支撑零碳园区高比例绿电直接供应；推进园区节能降碳；优化园区产业结构，发展“绿电+先进制造业”、“绿电+智能算力”等；强化园区资源节约集约，加强园区绿色供应链管理；完善升级园区基础设施建设，推进建筑、交通、碳汇等多领域协同降碳；加强先进适用技术应用；提升园区能碳管理能力。,https://yndrc.yn.gov.cn/html/2025/tongzhigonggao_1210/24639.html,530000
2025/12/11,河南省,《河南省深化新能源上网电价市场化改革实施方案》,政策制度,"电价市场化,新能源",旨在充分发挥市场在资源配置中的决定性作用，大力推动河南省新能源高质量发展。全省新能源（风电、光伏，下同）上网电量2026年1月1日起原则上全部进入电力市场，上网电价通过市场交易形成。新能源项目可报量报价参与市场交易，也可接受市场形成价格。包括建立支持新能源可持续发展的价格结算机制、优化完善适应新能源市场化改革的市场规则等。,https://fgw.henan.gov.cn/2025/12-11/3272958.html,410000
2025/12/12,广东省,《广东省零碳园区建设方案》,政策制度,零碳园区,旨在通过能源供给零碳化、产业发展绿色化、基础设施绿色化、资源利用循环化、运营管理智慧化等建设路径，加快广东省建设一批国家级、省级零碳园区。目标分阶段到2030年，建成一批零碳园区，零碳园区技术装备、商业模式、政策标准及服务体系等逐步健全，在如期实现碳达峰目标过程中作出积极贡献，为经济社会发展全面绿色转型提供有力支撑。,https://drc.gd.gov.cn/ndjh/content/post_4828442.html,440000
2025/12/12,江西省,《江西省加快经济社会发展全面绿色转型的若干措施》,政策制度,绿色转型,旨在健全绿色低碳发展机制，不断完善绿色低碳循环发展经济体系，加快江西省经济社会发展全面绿色转型。出台20条政策措施，包括：发展绿色低碳产业、支持传统产业转型升级、完善生态产品价值制度化评价等。,https://drc.jiangxi.gov.cn/jxsfzhggwyh/col/col4990/content/content_1999302012503592960.html,360000
2025/12/22,辽宁省,《辽宁省推动绿电直连建设实施方案(2025-2027年)》,政策制度,新能源,全面提升辽宁省新能源消纳空间，探索创新新能源生产和消费融合发展模式，促进新能源就近就地消纳。本实施方案所提绿电直连是指风电、太阳能发电、生物质发电等新能源不直接接入公共电网，通过直连线路向单一电力用户供给绿电，可实现供给电量清晰物理溯源的模式。方案明确了直连类型、电源要求、电力用户符合要求等。,"https://fgw.ln.gov.cn/uiFramework/js/pdfjs/web/viewer.html?file=/fgw/articleFileDir/2025-12/24/4e3a44e443c54ce08bcb73a20121aa32/2025122415211962129.pdf&aisite-article-file=fgw,4e3a44e443c54ce08bcb73a20121aa32,2025-12-24%2015:21:22",210000
2025/12/25,天津市,《天津市2025年度碳排放配额分配方案》,政策制度,碳排放管理,旨在持续深化天津市碳排放权交易市场建设，做好2025年度碳排放配额分配相关工作。根据国家和本市温室气体排放控制目标，确定天津碳市场2025年度碳排放配额总量约为0.4亿吨，包括重点排放单位碳排放配额和政府储备配额。其中，政府储备配额占5%，用于碳排放配额调整、有偿发放和市场调节等。包含配额分配、配额发放、配额清缴等内容。,https://sthj.tj.gov.cn/ZWGK4828/ZCWJ6738/sthjjwj/202512/t20251229_7210436.html,120000
2025/12/29,山东省,《关于推进绿色转型健全碳足迹管理体系的行动方案》,政策制度,"碳足迹,绿色转型",旨在健全山东省绿色低碳发展机制，加快经济社会发展全面绿色转型，形成绿色低碳供应链和生产生活方式。目标分阶段到2030年，产品碳排放管理政策体系更加完备，绿色低碳供应链和生产生活方式基本形成，经济社会发展全面绿色转型取得显著成效，助推碳达峰目标实现和美丽山东建设。重点任务包含开展典型区域、行业、产品碳足迹试点；建立健全产品碳足迹管理体系等。,http://www.shandong.gov.cn/jpaas-jpolicy-web-server/front/info/detail?iid=62653dad6bad4cd5866d90a8bdd22564,370000
2025/12/30,天津市,《天津市固定资产投资项目节能审查和碳排放评价实施办法》,标准及许可,"碳排放评价,节能审查",旨在建立天津市能耗双控向碳排放双控全面转型新机制，加强固定资产投资项目能源消费和碳排放管理。适用于各级人民政府投资主管部门管理的在本市行政区域内建设的固定资产投资项目，包括新建、改建、扩建和技术改造等项目。包含管理职责、审查程序等五个章节25条内容。,https://fzgg.tj.gov.cn/zwgk_47325/zcfg_47338/zcwjx/fgwj/202512/t20251230_7211808.html,120000
2025/12/30,上海市,《上海市鼓励购买和使用新能源汽车实施办法》,政策制度,新能源,旨在有效推进上海市大气环境治理和节能减排工作，促进新能源汽车产业加快发展。提出在非营业性客车总量控制的原则下，对消费者购买新能源汽车用于非营运的，免费发放专用牌照额度。包括支持以旧换新、专用牌照额度申领等内容。,https://www.shanghai.gov.cn/nw12344/20251231/18b207956b4e43e299ea407d223122f9.html,310000
2025/12/31,湖北省,《关于建立新型储能价格机制的通知》,政策制度,"新能源,新型储能",旨在为加快完善湖北省新型储能价格机制，更好发挥新型储能灵活调节作用，保障电力系统安全平稳运行。涵盖了电网侧、电源侧和用户侧三大应用场景。最为关键的是，首次明确了电网侧独立储能项目的容量补偿标准，暂定为165元/千瓦·年。提出明确新型储能充放电价格机制、建立电网侧独立储能容量补偿机制、完善相关配套政策三方面十项措施。自2026年2月1日起执行。,https://fgw.hubei.gov.cn/fbjd/zc/gfwj/gf/202601/t20260104_5847650.shtml,420000
2025/12/31,云南省,《云南省〈生态保护补偿条例〉 实施细则》,政策制度,生态保护补偿,旨在筑牢我国西南生态安全屏障，加快云南省发展方式绿色转型，规范生态保护补偿行为。生态保护补偿是指通过财政纵向补偿、地区间横向补偿、市场机制补偿等机制，对按照规定或者约定开展生态保护的单位和个人予以补偿的激励性制度安排。生态保护补偿可以采取资金补偿、对口协作、产业转移、人才培训、共建园区、购买生态产品和服务等多种补偿方式。,https://www.yn.gov.cn/zwgk/zcwj/zxwj/202512/t20251230_322027.html,530000
2025/12/31,甘肃省,《关于建立发电侧可靠容量补偿机制的通知（试行）》,政策制度,"电力市场,新型电力系统",为适应甘肃省新型电力系统能源安全和绿色转型的发展需要，支持煤电向基础保障性和系统调节性电源并重转型，推动新型储能有序发展，充分发挥支撑调节作用，逐步构建起有效反映各类电源电量价值和容量价值的两部制电价。提出对电力系统确有需要并在全年系统顶峰时段能持续稳定供电的机组，建立发电侧可靠容量补偿机制，根据其可靠容量进行补偿。补偿范围暂包括合规在运的公用煤电机组、电网侧独立新型储能，均不含直流配套电源。明确了补偿标准、容量电费结算等内容。,https://fzgg.gansu.gov.cn/fzgg/tzgg/202512/174264978.shtml,620000